<?xml version="1.0" encoding="UTF-8"?>

<beans xmlns="http://www.springframework.org/schema/beans"
xmlns:xsi="http://www.w3.org/2001/XMLSchema-instance"
xsi:schemaLocation="http://www.springframework.org/schema/beans
http://www.springframework.org/schema/beans/spring-beans-3.0.xsd">
<bean id="empl" class="com.springcore2.Employee" scope="prototype">
<!-- scope can be singleton(default)  -->
<property name="employeeId" value="100"/>
<property name="employeeName" value="Anand Thakur"/>
<property name="salary" value="10000"/>
</bean>

<!-- <property name="businessUnit" value="Product Development"/>  -->
</bean>
<bean id="Sbu" class="com.springcore2.SBU" scope="prototype">
<property name="sbuId" value="28"/>
<property name="sbuName" value="Product Development"/>
<property name="subHead" value="Priyan Singh"/>
</bean>

</beans>