<?xml version="1.0" encoding="UTF-8"?>


<beans xmlns="http://www.springframework.org/schema/beans"
    xmlns:xsi="http://www.w3.org/2001/XMLSchema-instance"
    xsi:schemaLocation="http://www.springframework.org/schema/beans
    http://www.springframework.org/schema/beans/spring-beans-3.0.xsd">
   <bean id="empbean1" class="com.springcore3.Employee" > 
       	<constructor-arg value="1"></constructor-arg>  
		<constructor-arg value="Anand"></constructor-arg>
		<constructor-arg value="60000.0"></constructor-arg>  
		<constructor-arg value="30"></constructor-arg> 
   </bean>
   <bean id="empbean2" class="com.springcore3.Employee" > 
       	<constructor-arg value="2"></constructor-arg>  
		<constructor-arg value="Amit"></constructor-arg>
		<constructor-arg value="100000.0"></constructor-arg>  
		<constructor-arg value="50"></constructor-arg> 
   </bean>
   <bean id="sbubean" class="com.springcore3.SBU" > 
       	<constructor-arg value="PES-BU"></constructor-arg>  
		<constructor-arg value="Product Engineering Services"></constructor-arg>
		<constructor-arg value="Kiran Rao"></constructor-arg>  
		<constructor-arg><list>
			<ref bean = "empbean1"></ref>
			<ref bean = "empbean2"></ref>
		</list></constructor-arg> 
   </bean>
</beans>